{"cameraMode":{"drawMode":0,"name":"Shaded","section":"Shading Mode"},"sceneLighting":true,"audioPlay":false,"sceneViewState":{"showFog":true,"showMaterialUpdate":false,"showSkybox":true,"showFlares":true,"showImageEffects":true,"showParticleSystems":true},"in2DMode":false,"pivot":{"x":105.89313507080078,"y":3.2292890548706056,"z":113.46527099609375},"rotation":{"x":-0.15873219072818757,"y":0.3859323263168335,"z":-0.06761296838521958,"w":-0.9062649011611939},"size":5.155314922332764,"orthographic":true}